academic_year,exam,subject_id,grade,count,percentage,cumulative_low_count,cumulative_low_percentage,cumulative_high_count,cumulative_high_percentage,source_id
111,GSAT,chinese,0,8,0.01,8,0.01,113826,100.0,gsat-111-score-distribution
111,GSAT,chinese,1,26,0.02,34,0.03,113818,99.99,gsat-111-score-distribution
111,GSAT,chinese,10,18637,16.37,57705,50.7,74758,65.68,gsat-111-score-distribution
111,GSAT,chinese,11,18836,16.55,76541,67.24,56121,49.3,gsat-111-score-distribution
111,GSAT,chinese,12,16307,14.33,92848,81.57,37285,32.76,gsat-111-score-distribution
111,GSAT,chinese,13,11976,10.52,104824,92.09,20978,18.43,gsat-111-score-distribution
111,GSAT,chinese,14,6195,5.44,111019,97.53,9002,7.91,gsat-111-score-distribution
111,GSAT,chinese,15,2807,2.47,113826,100.0,2807,2.47,gsat-111-score-distribution
111,GSAT,chinese,2,504,0.44,538,0.47,113792,99.97,gsat-111-score-distribution
111,GSAT,chinese,3,935,0.82,1473,1.29,113288,99.53,gsat-111-score-distribution
111,GSAT,chinese,4,1367,1.2,2840,2.5,112353,98.71,gsat-111-score-distribution
111,GSAT,chinese,5,2221,1.95,5061,4.45,110986,97.5,gsat-111-score-distribution
111,GSAT,chinese,6,3524,3.1,8585,7.54,108765,95.55,gsat-111-score-distribution
111,GSAT,chinese,7,5971,5.25,14556,12.79,105241,92.46,gsat-111-score-distribution
111,GSAT,chinese,8,10128,8.9,24684,21.69,99270,87.21,gsat-111-score-distribution
111,GSAT,chinese,9,14384,12.64,39068,34.32,89142,78.31,gsat-111-score-distribution
111,GSAT,english,0,10,0.01,10,0.01,113756,100.0,gsat-111-score-distribution
111,GSAT,english,1,157,0.14,167,0.15,113746,99.99,gsat-111-score-distribution
111,GSAT,english,10,9018,7.93,75315,66.21,47459,41.72,gsat-111-score-distribution
111,GSAT,english,11,9258,8.14,84573,74.35,38441,33.79,gsat-111-score-distribution
111,GSAT,english,12,9616,8.45,94189,82.8,29183,25.65,gsat-111-score-distribution
111,GSAT,english,13,8941,7.86,103130,90.66,19567,17.2,gsat-111-score-distribution
111,GSAT,english,14,6918,6.08,110048,96.74,10626,9.34,gsat-111-score-distribution
111,GSAT,english,15,3708,3.26,113756,100.0,3708,3.26,gsat-111-score-distribution
111,GSAT,english,2,2945,2.59,3112,2.74,113589,99.85,gsat-111-score-distribution
111,GSAT,english,3,9110,8.01,12222,10.74,110644,97.26,gsat-111-score-distribution
111,GSAT,english,4,9938,8.74,22160,19.48,101534,89.26,gsat-111-score-distribution
111,GSAT,english,5,9400,8.26,31560,27.74,91596,80.52,gsat-111-score-distribution
111,GSAT,english,6,8977,7.89,40537,35.64,82196,72.26,gsat-111-score-distribution
111,GSAT,english,7,8492,7.47,49029,43.1,73219,64.36,gsat-111-score-distribution
111,GSAT,english,8,8655,7.61,57684,50.71,64727,56.9,gsat-111-score-distribution
111,GSAT,english,9,8613,7.57,66297,58.28,56072,49.29,gsat-111-score-distribution
111,GSAT,mathematics_a,0,26,0.03,26,0.03,79834,100.0,gsat-111-score-distribution
111,GSAT,mathematics_a,1,1051,1.32,1077,1.35,79808,99.97,gsat-111-score-distribution
111,GSAT,mathematics_a,10,3733,4.68,71769,89.9,11798,14.78,gsat-111-score-distribution
111,GSAT,mathematics_a,11,3083,3.86,74852,93.76,8065,10.1,gsat-111-score-distribution
111,GSAT,mathematics_a,12,1893,2.37,76745,96.13,4982,6.24,gsat-111-score-distribution
111,GSAT,mathematics_a,13,1518,1.9,78263,98.03,3089,3.87,gsat-111-score-distribution
111,GSAT,mathematics_a,14,782,0.98,79045,99.01,1571,1.97,gsat-111-score-distribution
111,GSAT,mathematics_a,15,789,0.99,79834,100.0,789,0.99,gsat-111-score-distribution
111,GSAT,mathematics_a,2,5355,6.71,6432,8.06,78757,98.65,gsat-111-score-distribution
111,GSAT,mathematics_a,3,8063,10.1,14495,18.16,73402,91.94,gsat-111-score-distribution
111,GSAT,mathematics_a,4,12019,15.05,26514,33.21,65339,81.84,gsat-111-score-distribution
111,GSAT,mathematics_a,5,10074,12.62,36588,45.83,53320,66.79,gsat-111-score-distribution
111,GSAT,mathematics_a,6,10709,13.41,47297,59.24,43246,54.17,gsat-111-score-distribution
111,GSAT,mathematics_a,7,7580,9.49,54877,68.74,32537,40.76,gsat-111-score-distribution
111,GSAT,mathematics_a,8,7481,9.37,62358,78.11,24957,31.26,gsat-111-score-distribution
111,GSAT,mathematics_a,9,5678,7.11,68036,85.22,17476,21.89,gsat-111-score-distribution
111,GSAT,mathematics_b,0,29,0.03,29,0.03,90556,100.0,gsat-111-score-distribution
111,GSAT,mathematics_b,1,1439,1.59,1468,1.62,90527,99.97,gsat-111-score-distribution
111,GSAT,mathematics_b,10,5874,6.49,62662,69.2,33768,37.29,gsat-111-score-distribution
111,GSAT,mathematics_b,11,7355,8.12,70017,77.32,27894,30.8,gsat-111-score-distribution
111,GSAT,mathematics_b,12,7322,8.09,77339,85.4,20539,22.68,gsat-111-score-distribution
111,GSAT,mathematics_b,13,5490,6.06,82829,91.47,13217,14.6,gsat-111-score-distribution
111,GSAT,mathematics_b,14,4719,5.21,87548,96.68,7727,8.53,gsat-111-score-distribution
111,GSAT,mathematics_b,15,3008,3.32,90556,100.0,3008,3.32,gsat-111-score-distribution
111,GSAT,mathematics_b,2,5824,6.43,7292,8.05,89088,98.38,gsat-111-score-distribution
111,GSAT,mathematics_b,3,7886,8.71,15178,16.76,83264,91.95,gsat-111-score-distribution
111,GSAT,mathematics_b,4,9204,10.16,24382,26.92,75378,83.24,gsat-111-score-distribution
111,GSAT,mathematics_b,5,7160,7.91,31542,34.83,66174,73.08,gsat-111-score-distribution
111,GSAT,mathematics_b,6,7032,7.77,38574,42.6,59014,65.17,gsat-111-score-distribution
111,GSAT,mathematics_b,7,6377,7.04,44951,49.64,51982,57.4,gsat-111-score-distribution
111,GSAT,mathematics_b,8,5344,5.9,50295,55.54,45605,50.36,gsat-111-score-distribution
111,GSAT,mathematics_b,9,6493,7.17,56788,62.71,40261,44.46,gsat-111-score-distribution
111,GSAT,natural_sciences,0,3,0.0,3,0.0,69773,100.0,gsat-111-score-distribution
111,GSAT,natural_sciences,1,12,0.02,15,0.02,69770,100.0,gsat-111-score-distribution
111,GSAT,natural_sciences,10,6766,9.7,38621,55.35,37918,54.34,gsat-111-score-distribution
111,GSAT,natural_sciences,11,7270,10.42,45891,65.77,31152,44.65,gsat-111-score-distribution
111,GSAT,natural_sciences,12,7853,11.26,53744,77.03,23882,34.23,gsat-111-score-distribution
111,GSAT,natural_sciences,13,7254,10.4,60998,87.42,16029,22.97,gsat-111-score-distribution
111,GSAT,natural_sciences,14,5763,8.26,66761,95.68,8775,12.58,gsat-111-score-distribution
111,GSAT,natural_sciences,15,3012,4.32,69773,100.0,3012,4.32,gsat-111-score-distribution
111,GSAT,natural_sciences,2,238,0.34,253,0.36,69758,99.98,gsat-111-score-distribution
111,GSAT,natural_sciences,3,1986,2.85,2239,3.21,69520,99.64,gsat-111-score-distribution
111,GSAT,natural_sciences,4,3860,5.53,6099,8.74,67534,96.79,gsat-111-score-distribution
111,GSAT,natural_sciences,5,4354,6.24,10453,14.98,63674,91.26,gsat-111-score-distribution
111,GSAT,natural_sciences,6,4599,6.59,15052,21.57,59320,85.02,gsat-111-score-distribution
111,GSAT,natural_sciences,7,5033,7.21,20085,28.79,54721,78.43,gsat-111-score-distribution
111,GSAT,natural_sciences,8,5661,8.11,25746,36.9,49688,71.21,gsat-111-score-distribution
111,GSAT,natural_sciences,9,6109,8.76,31855,45.66,44027,63.1,gsat-111-score-distribution
111,GSAT,social_studies,0,7,0.01,7,0.01,89260,100.0,gsat-111-score-distribution
111,GSAT,social_studies,1,3,0.0,10,0.01,89253,99.99,gsat-111-score-distribution
111,GSAT,social_studies,10,11420,12.79,36154,40.5,64526,72.29,gsat-111-score-distribution
111,GSAT,social_studies,11,14256,15.97,50410,56.48,53106,59.5,gsat-111-score-distribution
111,GSAT,social_studies,12,16892,18.92,67302,75.4,38850,43.52,gsat-111-score-distribution
111,GSAT,social_studies,13,12506,14.01,79808,89.41,21958,24.6,gsat-111-score-distribution
111,GSAT,social_studies,14,6942,7.78,86750,97.19,9452,10.59,gsat-111-score-distribution
111,GSAT,social_studies,15,2510,2.81,89260,100.0,2510,2.81,gsat-111-score-distribution
111,GSAT,social_studies,2,34,0.04,44,0.05,89250,99.99,gsat-111-score-distribution
111,GSAT,social_studies,3,324,0.36,368,0.41,89216,99.95,gsat-111-score-distribution
111,GSAT,social_studies,4,1367,1.53,1735,1.94,88892,99.59,gsat-111-score-distribution
111,GSAT,social_studies,5,2184,2.45,3919,4.39,87525,98.06,gsat-111-score-distribution
111,GSAT,social_studies,6,2873,3.22,6792,7.61,85341,95.61,gsat-111-score-distribution
111,GSAT,social_studies,7,3977,4.46,10769,12.06,82468,92.39,gsat-111-score-distribution
111,GSAT,social_studies,8,6136,6.87,16905,18.94,78491,87.94,gsat-111-score-distribution
111,GSAT,social_studies,9,7829,8.77,24734,27.71,72355,81.06,gsat-111-score-distribution
112,GSAT,chinese,0,6,0.01,6,0.01,115788,100.0,gsat-112-score-distribution
112,GSAT,chinese,1,30,0.03,36,0.03,115782,99.99,gsat-112-score-distribution
112,GSAT,chinese,10,16980,14.66,49858,43.06,82910,71.61,gsat-112-score-distribution
112,GSAT,chinese,11,21182,18.29,71040,61.35,65930,56.94,gsat-112-score-distribution
112,GSAT,chinese,12,19948,17.23,90988,78.58,44748,38.65,gsat-112-score-distribution
112,GSAT,chinese,13,14388,12.43,105376,91.01,24800,21.42,gsat-112-score-distribution
112,GSAT,chinese,14,7464,6.45,112840,97.45,10412,8.99,gsat-112-score-distribution
112,GSAT,chinese,15,2948,2.55,115788,100.0,2948,2.55,gsat-112-score-distribution
112,GSAT,chinese,2,568,0.49,604,0.52,115752,99.97,gsat-112-score-distribution
112,GSAT,chinese,3,1021,0.88,1625,1.4,115184,99.48,gsat-112-score-distribution
112,GSAT,chinese,4,1280,1.11,2905,2.51,114163,98.6,gsat-112-score-distribution
112,GSAT,chinese,5,2010,1.74,4915,4.24,112883,97.49,gsat-112-score-distribution
112,GSAT,chinese,6,3222,2.78,8137,7.03,110873,95.76,gsat-112-score-distribution
112,GSAT,chinese,7,5070,4.38,13207,11.41,107651,92.97,gsat-112-score-distribution
112,GSAT,chinese,8,7748,6.69,20955,18.1,102581,88.59,gsat-112-score-distribution
112,GSAT,chinese,9,11923,10.3,32878,28.39,94833,81.9,gsat-112-score-distribution
112,GSAT,english,0,9,0.01,9,0.01,115919,100.0,gsat-112-score-distribution
112,GSAT,english,1,167,0.14,176,0.15,115910,99.99,gsat-112-score-distribution
112,GSAT,english,10,8975,7.74,83813,72.3,41081,35.44,gsat-112-score-distribution
112,GSAT,english,11,8783,7.58,92596,79.88,32106,27.7,gsat-112-score-distribution
112,GSAT,english,12,7770,6.7,100366,86.58,23323,20.12,gsat-112-score-distribution
112,GSAT,english,13,6939,5.99,107305,92.57,15553,13.42,gsat-112-score-distribution
112,GSAT,english,14,5188,4.48,112493,97.04,8614,7.43,gsat-112-score-distribution
112,GSAT,english,15,3426,2.96,115919,100.0,3426,2.96,gsat-112-score-distribution
112,GSAT,english,2,3155,2.72,3331,2.87,115743,99.85,gsat-112-score-distribution
112,GSAT,english,3,10478,9.04,13809,11.91,112588,97.13,gsat-112-score-distribution
112,GSAT,english,4,11699,10.09,25508,22.01,102110,88.09,gsat-112-score-distribution
112,GSAT,english,5,10954,9.45,36462,31.45,90411,77.99,gsat-112-score-distribution
112,GSAT,english,6,9792,8.45,46254,39.9,79457,68.55,gsat-112-score-distribution
112,GSAT,english,7,9658,8.33,55912,48.23,69665,60.1,gsat-112-score-distribution
112,GSAT,english,8,9306,8.03,65218,56.26,60007,51.77,gsat-112-score-distribution
112,GSAT,english,9,9620,8.3,74838,64.56,50701,43.74,gsat-112-score-distribution
112,GSAT,mathematics_a,0,21,0.02,21,0.02,85315,100.0,gsat-112-score-distribution
112,GSAT,mathematics_a,1,621,0.73,642,0.75,85294,99.98,gsat-112-score-distribution
112,GSAT,mathematics_a,10,5796,6.79,70313,82.42,20798,24.38,gsat-112-score-distribution
112,GSAT,mathematics_a,11,5317,6.23,75630,88.65,15002,17.58,gsat-112-score-distribution
112,GSAT,mathematics_a,12,3624,4.25,79254,92.9,9685,11.35,gsat-112-score-distribution
112,GSAT,mathematics_a,13,2669,3.13,81923,96.02,6061,7.1,gsat-112-score-distribution
112,GSAT,mathematics_a,14,2080,2.44,84003,98.46,3392,3.98,gsat-112-score-distribution
112,GSAT,mathematics_a,15,1312,1.54,85315,100.0,1312,1.54,gsat-112-score-distribution
112,GSAT,mathematics_a,2,2261,2.65,2903,3.4,84673,99.25,gsat-112-score-distribution
112,GSAT,mathematics_a,3,5582,6.54,8485,9.95,82412,96.6,gsat-112-score-distribution
112,GSAT,mathematics_a,4,7596,8.9,16081,18.85,76830,90.05,gsat-112-score-distribution
112,GSAT,mathematics_a,5,9553,11.2,25634,30.05,69234,81.15,gsat-112-score-distribution
112,GSAT,mathematics_a,6,12060,14.14,37694,44.18,59681,69.95,gsat-112-score-distribution
112,GSAT,mathematics_a,7,9765,11.45,47459,55.63,47621,55.82,gsat-112-score-distribution
112,GSAT,mathematics_a,8,9980,11.7,57439,67.33,37856,44.37,gsat-112-score-distribution
112,GSAT,mathematics_a,9,7078,8.3,64517,75.62,27876,32.67,gsat-112-score-distribution
112,GSAT,mathematics_b,0,76,0.08,76,0.08,97384,100.0,gsat-112-score-distribution
112,GSAT,mathematics_b,1,1450,1.49,1526,1.57,97308,99.92,gsat-112-score-distribution
112,GSAT,mathematics_b,10,7281,7.48,76198,78.24,28467,29.23,gsat-112-score-distribution
112,GSAT,mathematics_b,11,7463,7.66,83661,85.91,21186,21.76,gsat-112-score-distribution
112,GSAT,mathematics_b,12,5152,5.29,88813,91.2,13723,14.09,gsat-112-score-distribution
112,GSAT,mathematics_b,13,3930,4.04,92743,95.23,8571,8.8,gsat-112-score-distribution
112,GSAT,mathematics_b,14,2905,2.98,95648,98.22,4641,4.77,gsat-112-score-distribution
112,GSAT,mathematics_b,15,1736,1.78,97384,100.0,1736,1.78,gsat-112-score-distribution
112,GSAT,mathematics_b,2,4854,4.98,6380,6.55,95858,98.43,gsat-112-score-distribution
112,GSAT,mathematics_b,3,9515,9.77,15895,16.32,91004,93.45,gsat-112-score-distribution
112,GSAT,mathematics_b,4,9220,9.47,25115,25.79,81489,83.68,gsat-112-score-distribution
112,GSAT,mathematics_b,5,9202,9.45,34317,35.24,72269,74.21,gsat-112-score-distribution
112,GSAT,mathematics_b,6,9743,10.0,44060,45.24,63067,64.76,gsat-112-score-distribution
112,GSAT,mathematics_b,7,8171,8.39,52231,53.63,53324,54.76,gsat-112-score-distribution
112,GSAT,mathematics_b,8,9130,9.38,61361,63.01,45153,46.37,gsat-112-score-distribution
112,GSAT,mathematics_b,9,7556,7.76,68917,70.77,36023,36.99,gsat-112-score-distribution
112,GSAT,natural_sciences,0,10,0.01,10,0.01,72087,100.0,gsat-112-score-distribution
112,GSAT,natural_sciences,1,15,0.02,25,0.03,72077,99.99,gsat-112-score-distribution
112,GSAT,natural_sciences,10,7733,10.73,48921,67.86,30899,42.86,gsat-112-score-distribution
112,GSAT,natural_sciences,11,7285,10.11,56206,77.97,23166,32.14,gsat-112-score-distribution
112,GSAT,natural_sciences,12,6445,8.94,62651,86.91,15881,22.03,gsat-112-score-distribution
112,GSAT,natural_sciences,13,4951,6.87,67602,93.78,9436,13.09,gsat-112-score-distribution
112,GSAT,natural_sciences,14,2941,4.08,70543,97.86,4485,6.22,gsat-112-score-distribution
112,GSAT,natural_sciences,15,1544,2.14,72087,100.0,1544,2.14,gsat-112-score-distribution
112,GSAT,natural_sciences,2,321,0.45,346,0.48,72062,99.97,gsat-112-score-distribution
112,GSAT,natural_sciences,3,2663,3.69,3009,4.17,71741,99.52,gsat-112-score-distribution
112,GSAT,natural_sciences,4,5039,6.99,8048,11.16,69078,95.83,gsat-112-score-distribution
112,GSAT,natural_sciences,5,5710,7.92,13758,19.09,64039,88.84,gsat-112-score-distribution
112,GSAT,natural_sciences,6,6183,8.58,19941,27.66,58329,80.91,gsat-112-score-distribution
112,GSAT,natural_sciences,7,6544,9.08,26485,36.74,52146,72.34,gsat-112-score-distribution
112,GSAT,natural_sciences,8,7082,9.82,33567,46.56,45602,63.26,gsat-112-score-distribution
112,GSAT,natural_sciences,9,7621,10.57,41188,57.14,38520,53.44,gsat-112-score-distribution
112,GSAT,social_studies,0,16,0.02,16,0.02,92631,100.0,gsat-112-score-distribution
112,GSAT,social_studies,1,3,0.0,19,0.02,92615,99.98,gsat-112-score-distribution
112,GSAT,social_studies,10,13212,14.26,60277,65.07,45566,49.19,gsat-112-score-distribution
112,GSAT,social_studies,11,12112,13.08,72389,78.15,32354,34.93,gsat-112-score-distribution
112,GSAT,social_studies,12,9318,10.06,81707,88.21,20242,21.85,gsat-112-score-distribution
112,GSAT,social_studies,13,5820,6.28,87527,94.49,10924,11.79,gsat-112-score-distribution
112,GSAT,social_studies,14,3391,3.66,90918,98.15,5104,5.51,gsat-112-score-distribution
112,GSAT,social_studies,15,1713,1.85,92631,100.0,1713,1.85,gsat-112-score-distribution
112,GSAT,social_studies,2,37,0.04,56,0.06,92612,99.98,gsat-112-score-distribution
112,GSAT,social_studies,3,503,0.54,559,0.6,92575,99.94,gsat-112-score-distribution
112,GSAT,social_studies,4,2188,2.36,2747,2.97,92072,99.4,gsat-112-score-distribution
112,GSAT,social_studies,5,4584,4.95,7331,7.91,89884,97.03,gsat-112-score-distribution
112,GSAT,social_studies,6,6557,7.08,13888,14.99,85300,92.09,gsat-112-score-distribution
112,GSAT,social_studies,7,8225,8.88,22113,23.87,78743,85.01,gsat-112-score-distribution
112,GSAT,social_studies,8,11453,12.36,33566,36.24,70518,76.13,gsat-112-score-distribution
112,GSAT,social_studies,9,13499,14.57,47065,50.81,59065,63.76,gsat-112-score-distribution
113,GSAT,chinese,0,4,0.0,4,0.0,117016,100.0,gsat-113-score-distribution
113,GSAT,chinese,1,36,0.03,40,0.03,117012,100.0,gsat-113-score-distribution
113,GSAT,chinese,10,17643,15.08,50049,42.77,84610,72.31,gsat-113-score-distribution
113,GSAT,chinese,11,20584,17.59,70633,60.36,66967,57.23,gsat-113-score-distribution
113,GSAT,chinese,12,20363,17.4,90996,77.76,46383,39.64,gsat-113-score-distribution
113,GSAT,chinese,13,15216,13.0,106212,90.77,26020,22.24,gsat-113-score-distribution
113,GSAT,chinese,14,7834,6.69,114046,97.46,10804,9.23,gsat-113-score-distribution
113,GSAT,chinese,15,2970,2.54,117016,100.0,2970,2.54,gsat-113-score-distribution
113,GSAT,chinese,2,590,0.5,630,0.54,116976,99.97,gsat-113-score-distribution
113,GSAT,chinese,3,935,0.8,1565,1.34,116386,99.46,gsat-113-score-distribution
113,GSAT,chinese,4,1344,1.15,2909,2.49,115451,98.66,gsat-113-score-distribution
113,GSAT,chinese,5,2000,1.71,4909,4.2,114107,97.51,gsat-113-score-distribution
113,GSAT,chinese,6,3004,2.57,7913,6.76,112107,95.8,gsat-113-score-distribution
113,GSAT,chinese,7,4822,4.12,12735,10.88,109103,93.24,gsat-113-score-distribution
113,GSAT,chinese,8,7520,6.43,20255,17.31,104281,89.12,gsat-113-score-distribution
113,GSAT,chinese,9,12151,10.38,32406,27.69,96761,82.69,gsat-113-score-distribution
113,GSAT,english,0,7,0.01,7,0.01,117106,100.0,gsat-113-score-distribution
113,GSAT,english,1,172,0.15,179,0.15,117099,99.99,gsat-113-score-distribution
113,GSAT,english,10,8331,7.11,84312,72.0,41125,35.12,gsat-113-score-distribution
113,GSAT,english,11,8271,7.06,92583,79.06,32794,28.0,gsat-113-score-distribution
113,GSAT,english,12,7972,6.81,100555,85.87,24523,20.94,gsat-113-score-distribution
113,GSAT,english,13,7239,6.18,107794,92.05,16551,14.13,gsat-113-score-distribution
113,GSAT,english,14,5635,4.81,113429,96.86,9312,7.95,gsat-113-score-distribution
113,GSAT,english,15,3677,3.14,117106,100.0,3677,3.14,gsat-113-score-distribution
113,GSAT,english,2,3597,3.07,3776,3.22,116927,99.85,gsat-113-score-distribution
113,GSAT,english,3,11093,9.47,14869,12.7,113330,96.78,gsat-113-score-distribution
113,GSAT,english,4,11598,9.9,26467,22.6,102237,87.3,gsat-113-score-distribution
113,GSAT,english,5,10683,9.12,37150,31.72,90639,77.4,gsat-113-score-distribution
113,GSAT,english,6,10373,8.86,47523,40.58,79956,68.28,gsat-113-score-distribution
113,GSAT,english,7,10047,8.58,57570,49.16,69583,59.42,gsat-113-score-distribution
113,GSAT,english,8,9407,8.03,66977,57.19,59536,50.84,gsat-113-score-distribution
113,GSAT,english,9,9004,7.69,75981,64.88,50129,42.81,gsat-113-score-distribution
113,GSAT,mathematics_a,0,19,0.02,19,0.02,88694,100.0,gsat-113-score-distribution
113,GSAT,mathematics_a,1,810,0.91,829,0.93,88675,99.98,gsat-113-score-distribution
113,GSAT,mathematics_a,10,6287,7.09,71786,80.94,23195,26.15,gsat-113-score-distribution
113,GSAT,mathematics_a,11,5387,6.07,77173,87.01,16908,19.06,gsat-113-score-distribution
113,GSAT,mathematics_a,12,5051,5.69,82224,92.71,11521,12.99,gsat-113-score-distribution
113,GSAT,mathematics_a,13,3212,3.62,85436,96.33,6470,7.29,gsat-113-score-distribution
113,GSAT,mathematics_a,14,1925,2.17,87361,98.5,3258,3.67,gsat-113-score-distribution
113,GSAT,mathematics_a,15,1333,1.5,88694,100.0,1333,1.5,gsat-113-score-distribution
113,GSAT,mathematics_a,2,3897,4.39,4726,5.33,87865,99.07,gsat-113-score-distribution
113,GSAT,mathematics_a,3,7858,8.86,12584,14.19,83968,94.67,gsat-113-score-distribution
113,GSAT,mathematics_a,4,9448,10.65,22032,24.84,76110,85.81,gsat-113-score-distribution
113,GSAT,mathematics_a,5,9381,10.58,31413,35.42,66662,75.16,gsat-113-score-distribution
113,GSAT,mathematics_a,6,10598,11.95,42011,47.37,57281,64.58,gsat-113-score-distribution
113,GSAT,mathematics_a,7,8581,9.67,50592,57.04,46683,52.63,gsat-113-score-distribution
113,GSAT,mathematics_a,8,7782,8.77,58374,65.82,38102,42.96,gsat-113-score-distribution
113,GSAT,mathematics_a,9,7125,8.03,65499,73.85,30320,34.18,gsat-113-score-distribution
113,GSAT,mathematics_b,0,79,0.08,79,0.08,94580,100.0,gsat-113-score-distribution
113,GSAT,mathematics_b,1,2376,2.51,2455,2.6,94501,99.92,gsat-113-score-distribution
113,GSAT,mathematics_b,10,5699,6.03,78199,82.68,22080,23.35,gsat-113-score-distribution
113,GSAT,mathematics_b,11,4920,5.2,83119,87.88,16381,17.32,gsat-113-score-distribution
113,GSAT,mathematics_b,12,4240,4.48,87359,92.37,11461,12.12,gsat-113-score-distribution
113,GSAT,mathematics_b,13,3403,3.6,90762,95.96,7221,7.63,gsat-113-score-distribution
113,GSAT,mathematics_b,14,2540,2.69,93302,98.65,3818,4.04,gsat-113-score-distribution
113,GSAT,mathematics_b,15,1278,1.35,94580,100.0,1278,1.35,gsat-113-score-distribution
113,GSAT,mathematics_b,2,6802,7.19,9257,9.79,92125,97.4,gsat-113-score-distribution
113,GSAT,mathematics_b,3,9850,10.41,19107,20.2,85323,90.21,gsat-113-score-distribution
113,GSAT,mathematics_b,4,10402,11.0,29509,31.2,75473,79.8,gsat-113-score-distribution
113,GSAT,mathematics_b,5,9995,10.57,39504,41.77,65071,68.8,gsat-113-score-distribution
113,GSAT,mathematics_b,6,9439,9.98,48943,51.75,55076,58.23,gsat-113-score-distribution
113,GSAT,mathematics_b,7,9761,10.32,58704,62.07,45637,48.25,gsat-113-score-distribution
113,GSAT,mathematics_b,8,7270,7.69,65974,69.75,35876,37.93,gsat-113-score-distribution
113,GSAT,mathematics_b,9,6526,6.9,72500,76.65,28606,30.25,gsat-113-score-distribution
113,GSAT,natural_sciences,0,6,0.01,6,0.01,75680,100.0,gsat-113-score-distribution
113,GSAT,natural_sciences,1,9,0.01,15,0.02,75674,99.99,gsat-113-score-distribution
113,GSAT,natural_sciences,10,7417,9.8,48214,63.71,34883,46.09,gsat-113-score-distribution
113,GSAT,natural_sciences,11,7403,9.78,55617,73.49,27466,36.29,gsat-113-score-distribution
113,GSAT,natural_sciences,12,6696,8.85,62313,82.34,20063,26.51,gsat-113-score-distribution
113,GSAT,natural_sciences,13,6103,8.06,68416,90.4,13367,17.66,gsat-113-score-distribution
113,GSAT,natural_sciences,14,4633,6.12,73049,96.52,7264,9.6,gsat-113-score-distribution
113,GSAT,natural_sciences,15,2631,3.48,75680,100.0,2631,3.48,gsat-113-score-distribution
113,GSAT,natural_sciences,2,276,0.36,291,0.38,75665,99.98,gsat-113-score-distribution
113,GSAT,natural_sciences,3,1989,2.63,2280,3.01,75389,99.62,gsat-113-score-distribution
113,GSAT,natural_sciences,4,4346,5.74,6626,8.76,73400,96.99,gsat-113-score-distribution
113,GSAT,natural_sciences,5,5935,7.84,12561,16.6,69054,91.24,gsat-113-score-distribution
113,GSAT,natural_sciences,6,6589,8.71,19150,25.3,63119,83.4,gsat-113-score-distribution
113,GSAT,natural_sciences,7,6847,9.05,25997,34.35,56530,74.7,gsat-113-score-distribution
113,GSAT,natural_sciences,8,7281,9.62,33278,43.97,49683,65.65,gsat-113-score-distribution
113,GSAT,natural_sciences,9,7519,9.94,40797,53.91,42402,56.03,gsat-113-score-distribution
113,GSAT,social_studies,0,6,0.01,6,0.01,91693,100.0,gsat-113-score-distribution
113,GSAT,social_studies,1,11,0.01,17,0.02,91687,99.99,gsat-113-score-distribution
113,GSAT,social_studies,10,12491,13.62,53056,57.86,51128,55.76,gsat-113-score-distribution
113,GSAT,social_studies,11,12745,13.9,65801,71.76,38637,42.14,gsat-113-score-distribution
113,GSAT,social_studies,12,10858,11.84,76659,83.6,25892,28.24,gsat-113-score-distribution
113,GSAT,social_studies,13,8028,8.76,84687,92.36,15034,16.4,gsat-113-score-distribution
113,GSAT,social_studies,14,4729,5.16,89416,97.52,7006,7.64,gsat-113-score-distribution
113,GSAT,social_studies,15,2277,2.48,91693,100.0,2277,2.48,gsat-113-score-distribution
113,GSAT,social_studies,2,125,0.14,142,0.15,91676,99.98,gsat-113-score-distribution
113,GSAT,social_studies,3,906,0.99,1048,1.14,91551,99.85,gsat-113-score-distribution
113,GSAT,social_studies,4,2439,2.66,3487,3.8,90645,98.86,gsat-113-score-distribution
113,GSAT,social_studies,5,3740,4.08,7227,7.88,88206,96.2,gsat-113-score-distribution
113,GSAT,social_studies,6,5093,5.55,12320,13.44,84466,92.12,gsat-113-score-distribution
113,GSAT,social_studies,7,6940,7.57,19260,21.0,79373,86.56,gsat-113-score-distribution
113,GSAT,social_studies,8,10105,11.02,29365,32.03,72433,79.0,gsat-113-score-distribution
113,GSAT,social_studies,9,11200,12.21,40565,44.24,62328,67.97,gsat-113-score-distribution
114,GSAT,chinese,0,7,0.01,7,0.01,117817,100.0,gsat-114-score-distribution
114,GSAT,chinese,1,40,0.03,47,0.04,117810,99.99,gsat-114-score-distribution
114,GSAT,chinese,10,18120,15.38,61812,52.46,74125,62.92,gsat-114-score-distribution
114,GSAT,chinese,11,18437,15.65,80249,68.11,56005,47.54,gsat-114-score-distribution
114,GSAT,chinese,12,16578,14.07,96827,82.18,37568,31.89,gsat-114-score-distribution
114,GSAT,chinese,13,11853,10.06,108680,92.24,20990,17.82,gsat-114-score-distribution
114,GSAT,chinese,14,6399,5.43,115079,97.68,9137,7.76,gsat-114-score-distribution
114,GSAT,chinese,15,2738,2.32,117817,100.0,2738,2.32,gsat-114-score-distribution
114,GSAT,chinese,2,741,0.63,788,0.67,117770,99.96,gsat-114-score-distribution
114,GSAT,chinese,3,1240,1.05,2028,1.72,117029,99.33,gsat-114-score-distribution
114,GSAT,chinese,4,1767,1.5,3795,3.22,115789,98.28,gsat-114-score-distribution
114,GSAT,chinese,5,2858,2.43,6653,5.65,114022,96.78,gsat-114-score-distribution
114,GSAT,chinese,6,4664,3.96,11317,9.61,111164,94.35,gsat-114-score-distribution
114,GSAT,chinese,7,7187,6.1,18504,15.71,106500,90.39,gsat-114-score-distribution
114,GSAT,chinese,8,10508,8.92,29012,24.62,99313,84.29,gsat-114-score-distribution
114,GSAT,chinese,9,14680,12.46,43692,37.08,88805,75.38,gsat-114-score-distribution
114,GSAT,english,0,8,0.01,8,0.01,117866,100.0,gsat-114-score-distribution
114,GSAT,english,1,237,0.2,245,0.21,117858,99.99,gsat-114-score-distribution
114,GSAT,english,10,8351,7.09,81960,69.54,44257,37.55,gsat-114-score-distribution
114,GSAT,english,11,8619,7.31,90579,76.85,35906,30.46,gsat-114-score-distribution
114,GSAT,english,12,8775,7.44,99354,84.29,27287,23.15,gsat-114-score-distribution
114,GSAT,english,13,8075,6.85,107429,91.15,18512,15.71,gsat-114-score-distribution
114,GSAT,english,14,6563,5.57,113992,96.71,10437,8.85,gsat-114-score-distribution
114,GSAT,english,15,3874,3.29,117866,100.0,3874,3.29,gsat-114-score-distribution
114,GSAT,english,2,4938,4.19,5183,4.4,117621,99.79,gsat-114-score-distribution
114,GSAT,english,3,12757,10.82,17940,15.22,112683,95.6,gsat-114-score-distribution
114,GSAT,english,4,12022,10.2,29962,25.42,99926,84.78,gsat-114-score-distribution
114,GSAT,english,5,10315,8.75,40277,34.17,87904,74.58,gsat-114-score-distribution
114,GSAT,english,6,8826,7.49,49103,41.66,77589,65.83,gsat-114-score-distribution
114,GSAT,english,7,8188,6.95,57291,48.61,68763,58.34,gsat-114-score-distribution
114,GSAT,english,8,8015,6.8,65306,55.41,60575,51.39,gsat-114-score-distribution
114,GSAT,english,9,8303,7.04,73609,62.45,52560,44.59,gsat-114-score-distribution
114,GSAT,mathematics_a,0,39,0.04,39,0.04,90576,100.0,gsat-114-score-distribution
114,GSAT,mathematics_a,1,1370,1.51,1409,1.56,90537,99.96,gsat-114-score-distribution
114,GSAT,mathematics_a,10,5345,5.9,77624,85.7,18297,20.2,gsat-114-score-distribution
114,GSAT,mathematics_a,11,4468,4.93,82092,90.63,12952,14.3,gsat-114-score-distribution
114,GSAT,mathematics_a,12,3378,3.73,85470,94.36,8484,9.37,gsat-114-score-distribution
114,GSAT,mathematics_a,13,2401,2.65,87871,97.01,5106,5.64,gsat-114-score-distribution
114,GSAT,mathematics_a,14,1479,1.63,89350,98.65,2705,2.99,gsat-114-score-distribution
114,GSAT,mathematics_a,15,1226,1.35,90576,100.0,1226,1.35,gsat-114-score-distribution
114,GSAT,mathematics_a,2,5295,5.85,6704,7.4,89167,98.44,gsat-114-score-distribution
114,GSAT,mathematics_a,3,9568,10.56,16272,17.97,83872,92.6,gsat-114-score-distribution
114,GSAT,mathematics_a,4,11096,12.25,27368,30.22,74304,82.03,gsat-114-score-distribution
114,GSAT,mathematics_a,5,10885,12.02,38253,42.23,63208,69.78,gsat-114-score-distribution
114,GSAT,mathematics_a,6,9757,10.77,48010,53.01,52323,57.77,gsat-114-score-distribution
114,GSAT,mathematics_a,7,8688,9.59,56698,62.6,42566,46.99,gsat-114-score-distribution
114,GSAT,mathematics_a,8,8998,9.93,65696,72.53,33878,37.4,gsat-114-score-distribution
114,GSAT,mathematics_a,9,6583,7.27,72279,79.8,24880,27.47,gsat-114-score-distribution
114,GSAT,mathematics_b,0,82,0.09,82,0.09,95521,100.0,gsat-114-score-distribution
114,GSAT,mathematics_b,1,2303,2.41,2385,2.5,95439,99.91,gsat-114-score-distribution
114,GSAT,mathematics_b,10,6362,6.66,76806,80.41,25077,26.25,gsat-114-score-distribution
114,GSAT,mathematics_b,11,6524,6.83,83330,87.24,18715,19.59,gsat-114-score-distribution
114,GSAT,mathematics_b,12,4781,5.01,88111,92.24,12191,12.76,gsat-114-score-distribution
114,GSAT,mathematics_b,13,3559,3.73,91670,95.97,7410,7.76,gsat-114-score-distribution
114,GSAT,mathematics_b,14,2482,2.6,94152,98.57,3851,4.03,gsat-114-score-distribution
114,GSAT,mathematics_b,15,1369,1.43,95521,100.0,1369,1.43,gsat-114-score-distribution
114,GSAT,mathematics_b,2,7725,8.09,10110,10.58,93136,97.5,gsat-114-score-distribution
114,GSAT,mathematics_b,3,11033,11.55,21143,22.13,85411,89.42,gsat-114-score-distribution
114,GSAT,mathematics_b,4,12307,12.88,33450,35.02,74378,77.87,gsat-114-score-distribution
114,GSAT,mathematics_b,5,8325,8.72,41775,43.73,62071,64.98,gsat-114-score-distribution
114,GSAT,mathematics_b,6,7544,7.9,49319,51.63,53746,56.27,gsat-114-score-distribution
114,GSAT,mathematics_b,7,8008,8.38,57327,60.02,46202,48.37,gsat-114-score-distribution
114,GSAT,mathematics_b,8,6651,6.96,63978,66.98,38194,39.98,gsat-114-score-distribution
114,GSAT,mathematics_b,9,6466,6.77,70444,73.75,31543,33.02,gsat-114-score-distribution
114,GSAT,natural_sciences,0,3,0.0,3,0.0,77520,100.0,gsat-114-score-distribution
114,GSAT,natural_sciences,1,9,0.01,12,0.02,77517,100.0,gsat-114-score-distribution
114,GSAT,natural_sciences,10,7764,10.02,46768,60.33,38516,49.69,gsat-114-score-distribution
114,GSAT,natural_sciences,11,8041,10.37,54809,70.7,30752,39.67,gsat-114-score-distribution
114,GSAT,natural_sciences,12,7754,10.0,62563,80.71,22711,29.3,gsat-114-score-distribution
114,GSAT,natural_sciences,13,6971,8.99,69534,89.7,14957,19.29,gsat-114-score-distribution
114,GSAT,natural_sciences,14,5303,6.84,74837,96.54,7986,10.3,gsat-114-score-distribution
114,GSAT,natural_sciences,15,2683,3.46,77520,100.0,2683,3.46,gsat-114-score-distribution
114,GSAT,natural_sciences,2,192,0.25,204,0.26,77508,99.98,gsat-114-score-distribution
114,GSAT,natural_sciences,3,1621,2.09,1825,2.35,77316,99.74,gsat-114-score-distribution
114,GSAT,natural_sciences,4,4006,5.17,5831,7.52,75695,97.65,gsat-114-score-distribution
114,GSAT,natural_sciences,5,5567,7.18,11398,14.7,71689,92.48,gsat-114-score-distribution
114,GSAT,natural_sciences,6,6446,8.32,17844,23.02,66122,85.3,gsat-114-score-distribution
114,GSAT,natural_sciences,7,6671,8.61,24515,31.62,59676,76.98,gsat-114-score-distribution
114,GSAT,natural_sciences,8,7215,9.31,31730,40.93,53005,68.38,gsat-114-score-distribution
114,GSAT,natural_sciences,9,7274,9.38,39004,50.31,45790,59.07,gsat-114-score-distribution
114,GSAT,social_studies,0,6,0.01,6,0.01,93800,100.0,gsat-114-score-distribution
114,GSAT,social_studies,1,6,0.01,12,0.01,93794,99.99,gsat-114-score-distribution
114,GSAT,social_studies,10,13163,14.03,56542,60.28,50421,53.75,gsat-114-score-distribution
114,GSAT,social_studies,11,13777,14.69,70319,74.97,37258,39.72,gsat-114-score-distribution
114,GSAT,social_studies,12,10717,11.43,81036,86.39,23481,25.03,gsat-114-score-distribution
114,GSAT,social_studies,13,7019,7.48,88055,93.88,12764,13.61,gsat-114-score-distribution
114,GSAT,social_studies,14,3983,4.25,92038,98.12,5745,6.12,gsat-114-score-distribution
114,GSAT,social_studies,15,1762,1.88,93800,100.0,1762,1.88,gsat-114-score-distribution
114,GSAT,social_studies,2,38,0.04,50,0.05,93788,99.99,gsat-114-score-distribution
114,GSAT,social_studies,3,493,0.53,543,0.58,93750,99.95,gsat-114-score-distribution
114,GSAT,social_studies,4,1697,1.81,2240,2.39,93257,99.42,gsat-114-score-distribution
114,GSAT,social_studies,5,3363,3.59,5603,5.97,91560,97.61,gsat-114-score-distribution
114,GSAT,social_studies,6,5618,5.99,11221,11.96,88197,94.03,gsat-114-score-distribution
114,GSAT,social_studies,7,7518,8.01,18739,19.98,82579,88.04,gsat-114-score-distribution
114,GSAT,social_studies,8,11259,12.0,29998,31.98,75061,80.02,gsat-114-score-distribution
114,GSAT,social_studies,9,13381,14.27,43379,46.25,63802,68.02,gsat-114-score-distribution
115,GSAT,chinese,0,8,0.01,8,0.01,118026,100.0,gsat-115-score-distribution
115,GSAT,chinese,1,42,0.04,50,0.04,118018,99.99,gsat-115-score-distribution
115,GSAT,chinese,10,19383,16.42,59843,50.7,77566,65.72,gsat-115-score-distribution
115,GSAT,chinese,11,20529,17.39,80372,68.1,58183,49.3,gsat-115-score-distribution
115,GSAT,chinese,12,17378,14.72,97750,82.82,37654,31.9,gsat-115-score-distribution
115,GSAT,chinese,13,11802,10.0,109552,92.82,20276,17.18,gsat-115-score-distribution
115,GSAT,chinese,14,5911,5.01,115463,97.83,8474,7.18,gsat-115-score-distribution
115,GSAT,chinese,15,2563,2.17,118026,100.0,2563,2.17,gsat-115-score-distribution
115,GSAT,chinese,2,575,0.49,625,0.53,117976,99.96,gsat-115-score-distribution
115,GSAT,chinese,3,929,0.79,1554,1.32,117401,99.47,gsat-115-score-distribution
115,GSAT,chinese,4,1222,1.04,2776,2.35,116472,98.68,gsat-115-score-distribution
115,GSAT,chinese,5,2041,1.73,4817,4.08,115250,97.65,gsat-115-score-distribution
115,GSAT,chinese,6,3535,3.0,8352,7.08,113209,95.92,gsat-115-score-distribution
115,GSAT,chinese,7,6202,5.25,14554,12.33,109674,92.92,gsat-115-score-distribution
115,GSAT,chinese,8,10454,8.86,25008,21.19,103472,87.67,gsat-115-score-distribution
115,GSAT,chinese,9,15452,13.09,40460,34.28,93018,78.81,gsat-115-score-distribution
115,GSAT,english,0,7,0.01,7,0.01,118169,100.0,gsat-115-score-distribution
115,GSAT,english,1,233,0.2,240,0.2,118162,99.99,gsat-115-score-distribution
115,GSAT,english,10,9135,7.73,80590,68.2,46714,39.53,gsat-115-score-distribution
115,GSAT,english,11,9554,8.09,90144,76.28,37579,31.8,gsat-115-score-distribution
115,GSAT,english,12,9465,8.01,99609,84.29,28025,23.72,gsat-115-score-distribution
115,GSAT,english,13,8823,7.47,108432,91.76,18560,15.71,gsat-115-score-distribution
115,GSAT,english,14,6476,5.48,114908,97.24,9737,8.24,gsat-115-score-distribution
115,GSAT,english,15,3261,2.76,118169,100.0,3261,2.76,gsat-115-score-distribution
115,GSAT,english,2,4361,3.69,4601,3.89,117929,99.8,gsat-115-score-distribution
115,GSAT,english,3,11565,9.79,16166,13.68,113568,96.11,gsat-115-score-distribution
115,GSAT,english,4,11428,9.67,27594,23.35,102003,86.32,gsat-115-score-distribution
115,GSAT,english,5,9449,8.0,37043,31.35,90575,76.65,gsat-115-score-distribution
115,GSAT,english,6,8682,7.35,45725,38.69,81126,68.65,gsat-115-score-distribution
115,GSAT,english,7,8381,7.09,54106,45.79,72444,61.31,gsat-115-score-distribution
115,GSAT,english,8,8553,7.24,62659,53.02,64063,54.21,gsat-115-score-distribution
115,GSAT,english,9,8796,7.44,71455,60.47,55510,46.98,gsat-115-score-distribution
115,GSAT,mathematics_a,0,20,0.02,20,0.02,90579,100.0,gsat-115-score-distribution
115,GSAT,mathematics_a,1,632,0.7,652,0.72,90559,99.98,gsat-115-score-distribution
115,GSAT,mathematics_a,10,8788,9.7,73514,81.16,25853,28.54,gsat-115-score-distribution
115,GSAT,mathematics_a,11,5644,6.23,79158,87.39,17065,18.84,gsat-115-score-distribution
115,GSAT,mathematics_a,12,5000,5.52,84158,92.91,11421,12.61,gsat-115-score-distribution
115,GSAT,mathematics_a,13,3383,3.73,87541,96.65,6421,7.09,gsat-115-score-distribution
115,GSAT,mathematics_a,14,1926,2.13,89467,98.77,3038,3.35,gsat-115-score-distribution
115,GSAT,mathematics_a,15,1112,1.23,90579,100.0,1112,1.23,gsat-115-score-distribution
115,GSAT,mathematics_a,2,3016,3.33,3668,4.05,89927,99.28,gsat-115-score-distribution
115,GSAT,mathematics_a,3,5786,6.39,9454,10.44,86911,95.95,gsat-115-score-distribution
115,GSAT,mathematics_a,4,6103,6.74,15557,17.18,81125,89.56,gsat-115-score-distribution
115,GSAT,mathematics_a,5,8546,9.43,24103,26.61,75022,82.82,gsat-115-score-distribution
115,GSAT,mathematics_a,6,9949,10.98,34052,37.59,66476,73.39,gsat-115-score-distribution
115,GSAT,mathematics_a,7,11136,12.29,45188,49.89,56527,62.41,gsat-115-score-distribution
115,GSAT,mathematics_a,8,9178,10.13,54366,60.02,45391,50.11,gsat-115-score-distribution
115,GSAT,mathematics_a,9,10360,11.44,64726,71.46,36213,39.98,gsat-115-score-distribution
115,GSAT,mathematics_b,0,162,0.17,162,0.17,97536,100.0,gsat-115-score-distribution
115,GSAT,mathematics_b,1,3365,3.45,3527,3.62,97374,99.83,gsat-115-score-distribution
115,GSAT,mathematics_b,10,6052,6.2,84110,86.23,19478,19.97,gsat-115-score-distribution
115,GSAT,mathematics_b,11,4330,4.44,88440,90.67,13426,13.77,gsat-115-score-distribution
115,GSAT,mathematics_b,12,3294,3.38,91734,94.05,9096,9.33,gsat-115-score-distribution
115,GSAT,mathematics_b,13,2565,2.63,94299,96.68,5802,5.95,gsat-115-score-distribution
115,GSAT,mathematics_b,14,1982,2.03,96281,98.71,3237,3.32,gsat-115-score-distribution
115,GSAT,mathematics_b,15,1255,1.29,97536,100.0,1255,1.29,gsat-115-score-distribution
115,GSAT,mathematics_b,2,9681,9.93,13208,13.54,94009,96.38,gsat-115-score-distribution
115,GSAT,mathematics_b,3,13500,13.84,26708,27.38,84328,86.46,gsat-115-score-distribution
115,GSAT,mathematics_b,4,11420,11.71,38128,39.09,70828,72.62,gsat-115-score-distribution
115,GSAT,mathematics_b,5,10779,11.05,48907,50.14,59408,60.91,gsat-115-score-distribution
115,GSAT,mathematics_b,6,8407,8.62,57314,58.76,48629,49.86,gsat-115-score-distribution
115,GSAT,mathematics_b,7,7637,7.83,64951,66.59,40222,41.24,gsat-115-score-distribution
115,GSAT,mathematics_b,8,6978,7.15,71929,73.75,32585,33.41,gsat-115-score-distribution
115,GSAT,mathematics_b,9,6129,6.28,78058,80.03,25607,26.25,gsat-115-score-distribution
115,GSAT,natural_sciences,0,7,0.01,7,0.01,78382,100.0,gsat-115-score-distribution
115,GSAT,natural_sciences,1,12,0.02,19,0.02,78375,99.99,gsat-115-score-distribution
115,GSAT,natural_sciences,10,8835,11.27,48803,62.26,38414,49.01,gsat-115-score-distribution
115,GSAT,natural_sciences,11,8627,11.01,57430,73.27,29579,37.74,gsat-115-score-distribution
115,GSAT,natural_sciences,12,7896,10.07,65326,83.34,20952,26.73,gsat-115-score-distribution
115,GSAT,natural_sciences,13,6315,8.06,71641,91.4,13056,16.66,gsat-115-score-distribution
115,GSAT,natural_sciences,14,4399,5.61,76040,97.01,6741,8.6,gsat-115-score-distribution
115,GSAT,natural_sciences,15,2342,2.99,78382,100.0,2342,2.99,gsat-115-score-distribution
115,GSAT,natural_sciences,2,395,0.5,414,0.53,78363,99.98,gsat-115-score-distribution
115,GSAT,natural_sciences,3,2462,3.14,2876,3.67,77968,99.47,gsat-115-score-distribution
115,GSAT,natural_sciences,4,4434,5.66,7310,9.33,75506,96.33,gsat-115-score-distribution
115,GSAT,natural_sciences,5,5322,6.79,12632,16.12,71072,90.67,gsat-115-score-distribution
115,GSAT,natural_sciences,6,5847,7.46,18479,23.58,65750,83.88,gsat-115-score-distribution
115,GSAT,natural_sciences,7,6335,8.08,24814,31.66,59903,76.42,gsat-115-score-distribution
115,GSAT,natural_sciences,8,7180,9.16,31994,40.82,53568,68.34,gsat-115-score-distribution
115,GSAT,natural_sciences,9,7974,10.17,39968,50.99,46388,59.18,gsat-115-score-distribution
115,GSAT,social_studies,0,11,0.01,11,0.01,97889,100.0,gsat-115-score-distribution
115,GSAT,social_studies,1,4,0.0,15,0.02,97878,99.99,gsat-115-score-distribution
115,GSAT,social_studies,10,15739,16.08,56613,57.83,57015,58.24,gsat-115-score-distribution
115,GSAT,social_studies,11,14314,14.62,70927,72.46,41276,42.17,gsat-115-score-distribution
115,GSAT,social_studies,12,12700,12.97,83627,85.43,26962,27.54,gsat-115-score-distribution
115,GSAT,social_studies,13,7960,8.13,91587,93.56,14262,14.57,gsat-115-score-distribution
115,GSAT,social_studies,14,4439,4.53,96026,98.1,6302,6.44,gsat-115-score-distribution
115,GSAT,social_studies,15,1863,1.9,97889,100.0,1863,1.9,gsat-115-score-distribution
115,GSAT,social_studies,2,47,0.05,62,0.06,97874,99.98,gsat-115-score-distribution
115,GSAT,social_studies,3,423,0.43,485,0.5,97827,99.94,gsat-115-score-distribution
115,GSAT,social_studies,4,1701,1.74,2186,2.23,97404,99.5,gsat-115-score-distribution
115,GSAT,social_studies,5,3475,3.55,5661,5.78,95703,97.77,gsat-115-score-distribution
115,GSAT,social_studies,6,4516,4.61,10177,10.4,92228,94.22,gsat-115-score-distribution
115,GSAT,social_studies,7,7443,7.6,17620,18.0,87712,89.6,gsat-115-score-distribution
115,GSAT,social_studies,8,10023,10.24,27643,28.24,80269,82.0,gsat-115-score-distribution
115,GSAT,social_studies,9,13231,13.52,40874,41.76,70246,71.76,gsat-115-score-distribution
